tokens,ner_tags
"['one', 'of', 'the', 'other', 'reviewers', 'has', 'mentioned', 'that', 'after', 'watching', 'just', '1', 'oz', 'episode', 'youll', 'be', 'hooked', 'they', 'are', 'right', 'as', 'this', 'is', 'exactly', 'what', 'happened', 'with', 'mebr', 'br', 'the', 'first', 'thing', 'that', 'struck', 'me', 'about', 'oz', 'was', 'its', 'brutality', 'and', 'unflinching', 'scenes', 'of', 'violence', 'which', 'set', 'in', 'right', 'from', 'the', 'word', 'go', 'trust', 'me', 'this', 'is', 'not', 'a', 'show', 'for', 'the', 'faint', 'hearted', 'or', 'timid', 'this', 'show', 'pulls', 'no', 'punches', 'with', 'regards', 'to', 'drugs', 'sex', 'or', 'violence', 'its', 'is', 'hardcore', 'in', 'the', 'classic', 'use', 'of', 'the', 'wordbr', 'br', 'it', 'is', 'called', 'oz', 'as', 'that', 'is', 'the', 'nickname', 'given', 'to', 'the', 'oswald', 'maximum', 'security', 'state', 'penitentary', 'it', 'focuses', 'mainly', 'on', 'emerald', 'city', 'an', 'experimental', 'section', 'of', 'the', 'prison', 'where', 'all', 'the', 'cells', 'have', 'glass', 'fronts', 'and', 'face', 'inwards', 'so', 'privacy', 'is', 'not', 'high', 'on', 'the', 'agenda', 'em', 'city', 'is', 'home', 'to', 'manyaryans', 'muslims', 'gangstas', 'latinos', 'christians', 'italians', 'irish', 'and', 'moreso', 'scuffles', 'death', 'stares', 'dodgy', 'dealings', 'and', 'shady', 'agreements', 'are', 'never', 'far', 'awaybr', 'br', 'i', 'would', 'say', 'the', 'main', 'appeal', 'of', 'the', 'show', 'is', 'due', 'to', 'the', 'fact', 'that', 'it', 'goes', 'where', 'other', 'shows', 'wouldnt', 'dare', 'forget', 'pretty', 'pictures', 'painted', 'for', 'mainstream', 'audiences', 'forget', 'charm', 'forget', 'romanceoz', 'doesnt', 'mess', 'around', 'the', 'first', 'episode', 'i', 'ever', 'saw', 'struck', 'me', 'as', 'so', 'nasty', 'it', 'was', 'surreal', 'i', 'couldnt', 'say', 'i', 'was', 'ready', 'for', 'it', 'but', 'as', 'i', 'watched', 'more', 'i', 'developed', 'a', 'taste', 'for', 'oz', 'and', 'got', 'accustomed', 'to', 'the', 'high', 'levels', 'of', 'graphic', 'violence', 'not', 'just', 'violence', 'but', 'injustice', 'crooked', 'guards', 'wholl', 'be', 'sold', 'out', 'for', 'a', 'nickel', 'inmates', 'wholl', 'kill', 'on', 'order', 'and', 'get', 'away', 'with', 'it', 'well', 'mannered', 'middle', 'class', 'inmates', 'being', 'turned', 'into', 'prison', 'bitches', 'due', 'to', 'their', 'lack', 'of', 'street', 'skills', 'or', 'prison', 'experience', 'watching', 'oz', 'you', 'may', 'become', 'comfortable', 'with', 'what', 'is', 'uncomfortable', 'viewingthats', 'if', 'you', 'can', 'get', 'in', 'touch', 'with', 'your', 'darker', 'side']","['B-CARDINAL', 'O', 'O', 'O', 'O', 'O', 'O', 'O', 'O', 'O', 'B-CARDINAL', 'I-CARDINAL', 'O', 'O', 'O', 'O', 'O', 'O', 'O', 'O', 'O', 'O', 'O', 'O', 'O', 'O', 'O', 'O', 'O', 'O', 'B-ORDINAL', 'O', 'O', 'O', 'O', 'O', 'O', 'O', 'O', 'O', 'O', 'O', 'O', 'O', 'O', 'O', 'O', 'O', 'O', 'O', 'O', 'O', 'O', 'O', 'O', 'O', 'O', 'O', 'O', 'O', 'O', 'O', 'O', 'O', 'O', 'O', 'O', 'O', 'O', 'O', 'O', 'O', 'O', 'O', 'O', 'O', 'O', 'O', 'O', 'O', 'O', 'O', 'O', 'O', 'O', 'O', 'O', 'O', 'O', 'O', 'O', 'O', 'O', 'O', 'O', 'O', 'O', 'O', 'O', 'O', 'O', 'O', 'O', 'O', 'O', 'O', 'O', 'O', 'O', 'O', 'O', 'O', 'O', 'O', 'O', 'O', 'O', 'O', 'O', 'O', 'O', 'O', 'O', 'O', 'O', 'O', 'O', 'O', 'O', 'O', 'O', 'O', 'O', 'O', 'O', 'O', 'O', 'O', 'O', 'O', 'O', 'B-NORP', 'I-NORP', 'O', 'O', 'B-NORP', 'B-NORP', 'B-NORP', 'O', 'O', 'O', 'O', 'O', 'O', 'O', 'O', 'O', 'O', 'O', 'O', 'O', 'O', 'O', 'O', 'O', 'O', 'O', 'O', 'O', 'O', 'O', 'O', 'O', 'O', 'O', 'O', 'O', 'O', 'O', 'O', 'O', 'O', 'O', 'O', 'O', 'O', 'O', 'O', 'O', 'O', 'O', 'O', 'O', 'O', 'O', 'O', 'O', 'O', 'O', 'O', 'B-ORDINAL', 'O', 'O', 'O', 'O', 'O', 'O', 'O', 'O', 'O', 'O', 'O', 'O', 'O', 'O', 'O', 'O', 'O', 'O', 'O', 'O', 'O', 'O', 'O', 'O', 'O', 'O', 'O', 'O', 'O', 'O', 'O', 'O', 'O', 'O', 'O', 'O', 'O', 'O', 'O', 'O', 'O', 'O', 'O', 'O', 'O', 'O', 'O', 'O', 'O', 'O', 'O', 'O', 'O', 'O', 'O', 'O', 'O', 'O', 'O', 'O', 'O', 'O', 'O', 'O', 'O', 'O', 'O', 'O', 'O', 'O', 'O', 'O', 'O', 'O', 'O', 'O', 'O', 'O', 'O', 'O', 'O', 'O', 'O', 'O', 'O', 'O', 'O', 'O', 'O', 'O', 'O', 'O', 'O', 'O', 'O', 'O', 'O', 'O', 'O', 'O', 'O', 'O', 'O', 'O', 'O', 'O']"
"['a', 'wonderful', 'little', 'production', 'br', 'br', 'the', 'filming', 'technique', 'is', 'very', 'unassuming', 'very', 'oldtimebbc', 'fashion', 'and', 'gives', 'a', 'comforting', 'and', 'sometimes', 'discomforting', 'sense', 'of', 'realism', 'to', 'the', 'entire', 'piece', 'br', 'br', 'the', 'actors', 'are', 'extremely', 'well', 'chosen', 'michael', 'sheen', 'not', 'only', 'has', 'got', 'all', 'the', 'polari', 'but', 'he', 'has', 'all', 'the', 'voices', 'down', 'pat', 'too', 'you', 'can', 'truly', 'see', 'the', 'seamless', 'editing', 'guided', 'by', 'the', 'references', 'to', 'williams', 'diary', 'entries', 'not', 'only', 'is', 'it', 'well', 'worth', 'the', 'watching', 'but', 'it', 'is', 'a', 'terrificly', 'written', 'and', 'performed', 'piece', 'a', 'masterful', 'production', 'about', 'one', 'of', 'the', 'great', 'masters', 'of', 'comedy', 'and', 'his', 'life', 'br', 'br', 'the', 'realism', 'really', 'comes', 'home', 'with', 'the', 'little', 'things', 'the', 'fantasy', 'of', 'the', 'guard', 'which', 'rather', 'than', 'use', 'the', 'traditional', 'dream', 'techniques', 'remains', 'solid', 'then', 'disappears', 'it', 'plays', 'on', 'our', 'knowledge', 'and', 'our', 'senses', 'particularly', 'with', 'the', 'scenes', 'concerning', 'orton', 'and', 'halliwell', 'and', 'the', 'sets', 'particularly', 'of', 'their', 'flat', 'with', 'halliwells', 'murals', 'decorating', 'every', 'surface', 'are', 'terribly', 'well', 'done']","['O', 'O', 'O', 'O', 'O', 'O', 'O', 'O', 'O', 'O', 'O', 'O', 'O', 'O', 'O', 'O', 'O', 'O', 'O', 'O', 'O', 'O', 'O', 'O', 'O', 'O', 'O', 'O', 'O', 'O', 'O', 'O', 'O', 'O', 'O', 'O', 'O', 'B-PERSON', 'O', 'O', 'O', 'O', 'O', 'O', 'O', 'O', 'O', 'O', 'O', 'O', 'O', 'O', 'O', 'O', 'O', 'O', 'O', 'O', 'O', 'O', 'O', 'O', 'O', 'O', 'O', 'O', 'O', 'O', 'O', 'O', 'O', 'O', 'O', 'O', 'O', 'O', 'O', 'O', 'O', 'O', 'O', 'O', 'O', 'O', 'O', 'O', 'O', 'O', 'O', 'O', 'O', 'O', 'O', 'O', 'O', 'O', 'O', 'O', 'O', 'O', 'O', 'O', 'O', 'O', 'O', 'O', 'O', 'O', 'O', 'O', 'O', 'O', 'O', 'O', 'O', 'O', 'O', 'O', 'O', 'O', 'O', 'O', 'O', 'O', 'O', 'O', 'O', 'O', 'O', 'O', 'O', 'O', 'O', 'O', 'O', 'O', 'O', 'O', 'O', 'O', 'O', 'O', 'O', 'O', 'O', 'O', 'O', 'O', 'O', 'O', 'O', 'O', 'O', 'O', 'O', 'O', 'O', 'O', 'O', 'O', 'O', 'O']"
"['i', 'thought', 'this', 'was', 'a', 'wonderful', 'way', 'to', 'spend', 'time', 'on', 'a', 'too', 'hot', 'summer', 'weekend', 'sitting', 'in', 'the', 'air', 'conditioned', 'theater', 'and', 'watching', 'a', 'lighthearted', 'comedy', 'the', 'plot', 'is', 'simplistic', 'but', 'the', 'dialogue', 'is', 'witty', 'and', 'the', 'characters', 'are', 'likable', 'even', 'the', 'well', 'bread', 'suspected', 'serial', 'killer', 'while', 'some', 'may', 'be', 'disappointed', 'when', 'they', 'realize', 'this', 'is', 'not', 'match', 'point', '2', 'risk', 'addiction', 'i', 'thought', 'it', 'was', 'proof', 'that', 'woody', 'allen', 'is', 'still', 'fully', 'in', 'control', 'of', 'the', 'style', 'many', 'of', 'us', 'have', 'grown', 'to', 'lovebr', 'br', 'this', 'was', 'the', 'most', 'id', 'laughed', 'at', 'one', 'of', 'woodys', 'comedies', 'in', 'years', 'dare', 'i', 'say', 'a', 'decade', 'while', 'ive', 'never', 'been', 'impressed', 'with', 'scarlet', 'johanson', 'in', 'this', 'she', 'managed', 'to', 'tone', 'down', 'her', 'sexy', 'image', 'and', 'jumped', 'right', 'into', 'a', 'average', 'but', 'spirited', 'young', 'womanbr', 'br', 'this', 'may', 'not', 'be', 'the', 'crown', 'jewel', 'of', 'his', 'career', 'but', 'it', 'was', 'wittier', 'than', 'devil', 'wears', 'prada', 'and', 'more', 'interesting', 'than', 'superman', 'a', 'great', 'comedy', 'to', 'go', 'see', 'with', 'friends']","['O', 'O', 'O', 'O', 'O', 'O', 'O', 'O', 'O', 'O', 'O', 'O', 'O', 'O', 'B-DATE', 'I-DATE', 'O', 'O', 'O', 'O', 'O', 'O', 'O', 'O', 'O', 'O', 'O', 'O', 'O', 'O', 'O', 'O', 'O', 'O', 'O', 'O', 'O', 'O', 'O', 'O', 'O', 'O', 'O', 'O', 'O', 'O', 'O', 'O', 'O', 'O', 'O', 'O', 'O', 'O', 'O', 'O', 'O', 'O', 'O', 'O', 'O', 'B-CARDINAL', 'O', 'O', 'O', 'O', 'O', 'O', 'O', 'O', 'O', 'O', 'O', 'O', 'O', 'O', 'O', 'O', 'O', 'O', 'O', 'O', 'O', 'O', 'O', 'O', 'O', 'O', 'O', 'O', 'O', 'O', 'O', 'O', 'O', 'O', 'O', 'O', 'O', 'O', 'B-DATE', 'O', 'O', 'O', 'O', 'O', 'O', 'O', 'O', 'O', 'O', 'O', 'O', 'O', 'O', 'O', 'O', 'O', 'O', 'O', 'O', 'O', 'O', 'O', 'O', 'O', 'O', 'O', 'O', 'O', 'O', 'O', 'O', 'O', 'O', 'O', 'O', 'O', 'O', 'O', 'O', 'O', 'O', 'O', 'O', 'O', 'O', 'O', 'O', 'O', 'O', 'O', 'O', 'O', 'O', 'O', 'O', 'O', 'O', 'O', 'O', 'O', 'O', 'O', 'O', 'O']"
"['basically', 'theres', 'a', 'family', 'where', 'a', 'little', 'boy', 'jake', 'thinks', 'theres', 'a', 'zombie', 'in', 'his', 'closet', 'his', 'parents', 'are', 'fighting', 'all', 'the', 'timebr', 'br', 'this', 'movie', 'is', 'slower', 'than', 'a', 'soap', 'opera', 'and', 'suddenly', 'jake', 'decides', 'to', 'become', 'rambo', 'and', 'kill', 'the', 'zombiebr', 'br', 'ok', 'first', 'of', 'all', 'when', 'youre', 'going', 'to', 'make', 'a', 'film', 'you', 'must', 'decide', 'if', 'its', 'a', 'thriller', 'or', 'a', 'drama', 'as', 'a', 'drama', 'the', 'movie', 'is', 'watchable', 'parents', 'are', 'divorcing', 'arguing', 'like', 'in', 'real', 'life', 'and', 'then', 'we', 'have', 'jake', 'with', 'his', 'closet', 'which', 'totally', 'ruins', 'all', 'the', 'film', 'i', 'expected', 'to', 'see', 'a', 'boogeyman', 'similar', 'movie', 'and', 'instead', 'i', 'watched', 'a', 'drama', 'with', 'some', 'meaningless', 'thriller', 'spotsbr', 'br', '3', 'out', 'of', '10', 'just', 'for', 'the', 'well', 'playing', 'parents', 'descent', 'dialogs', 'as', 'for', 'the', 'shots', 'with', 'jake', 'just', 'ignore', 'them']","['O', 'O', 'O', 'O', 'O', 'O', 'O', 'O', 'O', 'O', 'O', 'O', 'O', 'O', 'O', 'O', 'O', 'O', 'O', 'O', 'O', 'O', 'O', 'O', 'O', 'O', 'O', 'O', 'O', 'O', 'O', 'O', 'O', 'O', 'O', 'O', 'O', 'O', 'O', 'O', 'O', 'O', 'O', 'O', 'O', 'B-ORDINAL', 'O', 'O', 'O', 'O', 'O', 'O', 'O', 'O', 'O', 'O', 'O', 'O', 'O', 'O', 'O', 'O', 'O', 'O', 'O', 'O', 'O', 'O', 'O', 'O', 'O', 'O', 'O', 'O', 'O', 'O', 'O', 'O', 'O', 'O', 'O', 'O', 'O', 'O', 'O', 'O', 'O', 'O', 'O', 'O', 'O', 'O', 'O', 'O', 'O', 'O', 'O', 'O', 'O', 'O', 'O', 'O', 'O', 'O', 'O', 'O', 'O', 'O', 'O', 'O', 'O', 'O', 'O', 'O', 'B-CARDINAL', 'O', 'O', 'B-CARDINAL', 'O', 'O', 'O', 'O', 'O', 'O', 'O', 'O', 'O', 'O', 'O', 'O', 'O', 'O', 'O', 'O', 'O']"
"['petter', 'matteis', 'love', 'in', 'the', 'time', 'of', 'money', 'is', 'a', 'visually', 'stunning', 'film', 'to', 'watch', 'mr', 'mattei', 'offers', 'us', 'a', 'vivid', 'portrait', 'about', 'human', 'relations', 'this', 'is', 'a', 'movie', 'that', 'seems', 'to', 'be', 'telling', 'us', 'what', 'money', 'power', 'and', 'success', 'do', 'to', 'people', 'in', 'the', 'different', 'situations', 'we', 'encounter', 'br', 'br', 'this', 'being', 'a', 'variation', 'on', 'the', 'arthur', 'schnitzlers', 'play', 'about', 'the', 'same', 'theme', 'the', 'director', 'transfers', 'the', 'action', 'to', 'the', 'present', 'time', 'new', 'york', 'where', 'all', 'these', 'different', 'characters', 'meet', 'and', 'connect', 'each', 'one', 'is', 'connected', 'in', 'one', 'way', 'or', 'another', 'to', 'the', 'next', 'person', 'but', 'no', 'one', 'seems', 'to', 'know', 'the', 'previous', 'point', 'of', 'contact', 'stylishly', 'the', 'film', 'has', 'a', 'sophisticated', 'luxurious', 'look', 'we', 'are', 'taken', 'to', 'see', 'how', 'these', 'people', 'live', 'and', 'the', 'world', 'they', 'live', 'in', 'their', 'own', 'habitatbr', 'br', 'the', 'only', 'thing', 'one', 'gets', 'out', 'of', 'all', 'these', 'souls', 'in', 'the', 'picture', 'is', 'the', 'different', 'stages', 'of', 'loneliness', 'each', 'one', 'inhabits', 'a', 'big', 'city', 'is', 'not', 'exactly', 'the', 'best', 'place', 'in', 'which', 'human', 'relations', 'find', 'sincere', 'fulfillment', 'as', 'one', 'discerns', 'is', 'the', 'case', 'with', 'most', 'of', 'the', 'people', 'we', 'encounterbr', 'br', 'the', 'acting', 'is', 'good', 'under', 'mr', 'matteis', 'direction', 'steve', 'buscemi', 'rosario', 'dawson', 'carol', 'kane', 'michael', 'imperioli', 'adrian', 'grenier', 'and', 'the', 'rest', 'of', 'the', 'talented', 'cast', 'make', 'these', 'characters', 'come', 'alivebr', 'br', 'we', 'wish', 'mr', 'mattei', 'good', 'luck', 'and', 'await', 'anxiously', 'for', 'his', 'next', 'work']","['O', 'O', 'O', 'O', 'O', 'O', 'O', 'O', 'O', 'O', 'O', 'O', 'O', 'O', 'O', 'O', 'O', 'O', 'O', 'O', 'O', 'O', 'O', 'O', 'O', 'O', 'O', 'O', 'O', 'O', 'O', 'O', 'O', 'O', 'O', 'O', 'O', 'O', 'O', 'O', 'O', 'O', 'O', 'O', 'O', 'O', 'O', 'O', 'O', 'O', 'O', 'O', 'O', 'O', 'O', 'O', 'O', 'O', 'O', 'O', 'O', 'O', 'O', 'O', 'O', 'O', 'O', 'O', 'O', 'O', 'O', 'O', 'O', 'B-GPE', 'I-GPE', 'O', 'O', 'O', 'O', 'O', 'O', 'O', 'O', 'O', 'B-CARDINAL', 'O', 'O', 'O', 'B-CARDINAL', 'O', 'O', 'O', 'O', 'O', 'O', 'O', 'O', 'O', 'B-CARDINAL', 'O', 'O', 'O', 'O', 'O', 'O', 'O', 'O', 'O', 'O', 'O', 'O', 'O', 'O', 'O', 'O', 'O', 'O', 'O', 'O', 'O', 'O', 'O', 'O', 'O', 'O', 'O', 'O', 'O', 'O', 'O', 'O', 'O', 'O', 'O', 'O', 'O', 'O', 'B-CARDINAL', 'O', 'O', 'O', 'O', 'O', 'O', 'O', 'O', 'O', 'O', 'O', 'O', 'O', 'O', 'O', 'O', 'B-CARDINAL', 'O', 'O', 'O', 'O', 'O', 'O', 'O', 'O', 'O', 'O', 'O', 'O', 'O', 'O', 'O', 'O', 'O', 'O', 'B-CARDINAL', 'O', 'O', 'O', 'O', 'O', 'O', 'O', 'O', 'O', 'O', 'O', 'O', 'O', 'O', 'O', 'O', 'O', 'O', 'O', 'O', 'B-PERSON', 'O', 'O', 'O', 'O', 'B-PERSON', 'I-PERSON', 'B-ORG', 'I-ORG', 'O', 'O', 'O', 'O', 'O', 'O', 'O', 'O', 'O', 'O', 'O', 'O', 'O', 'O', 'O', 'O', 'O', 'O', 'O', 'O', 'O', 'O', 'O', 'O', 'O', 'O', 'O']"
"['probably', 'my', 'alltime', 'favorite', 'movie', 'a', 'story', 'of', 'selflessness', 'sacrifice', 'and', 'dedication', 'to', 'a', 'noble', 'cause', 'but', 'its', 'not', 'preachy', 'or', 'boring', 'it', 'just', 'never', 'gets', 'old', 'despite', 'my', 'having', 'seen', 'it', 'some', '15', 'or', 'more', 'times', 'in', 'the', 'last', '25', 'years', 'paul', 'lukas', 'performance', 'brings', 'tears', 'to', 'my', 'eyes', 'and', 'bette', 'davis', 'in', 'one', 'of', 'her', 'very', 'few', 'truly', 'sympathetic', 'roles', 'is', 'a', 'delight', 'the', 'kids', 'are', 'as', 'grandma', 'says', 'more', 'like', 'dressedup', 'midgets', 'than', 'children', 'but', 'that', 'only', 'makes', 'them', 'more', 'fun', 'to', 'watch', 'and', 'the', 'mothers', 'slow', 'awakening', 'to', 'whats', 'happening', 'in', 'the', 'world', 'and', 'under', 'her', 'own', 'roof', 'is', 'believable', 'and', 'startling', 'if', 'i', 'had', 'a', 'dozen', 'thumbs', 'theyd', 'all', 'be', 'up', 'for', 'this', 'movie']","['O', 'O', 'O', 'O', 'O', 'O', 'O', 'O', 'O', 'O', 'O', 'O', 'O', 'O', 'O', 'O', 'O', 'O', 'O', 'O', 'O', 'O', 'O', 'O', 'O', 'O', 'O', 'O', 'O', 'O', 'O', 'O', 'O', 'B-CARDINAL', 'O', 'O', 'O', 'O', 'B-DATE', 'I-DATE', 'I-DATE', 'I-DATE', 'B-PERSON', 'I-PERSON', 'O', 'O', 'O', 'O', 'O', 'O', 'O', 'B-PERSON', 'I-PERSON', 'O', 'B-CARDINAL', 'O', 'O', 'O', 'O', 'O', 'O', 'O', 'O', 'O', 'O', 'O', 'O', 'O', 'O', 'O', 'O', 'O', 'O', 'O', 'O', 'O', 'O', 'O', 'O', 'O', 'O', 'O', 'O', 'O', 'O', 'O', 'O', 'O', 'O', 'O', 'O', 'O', 'O', 'O', 'O', 'O', 'O', 'O', 'O', 'O', 'O', 'O', 'O', 'O', 'O', 'O', 'O', 'O', 'O', 'B-CARDINAL', 'I-CARDINAL', 'O', 'O', 'O', 'O', 'O', 'O', 'O', 'O']"
"['i', 'sure', 'would', 'like', 'to', 'see', 'a', 'resurrection', 'of', 'a', 'up', 'dated', 'seahunt', 'series', 'with', 'the', 'tech', 'they', 'have', 'today', 'it', 'would', 'bring', 'back', 'the', 'kid', 'excitement', 'in', 'mei', 'grew', 'up', 'on', 'black', 'and', 'white', 'tv', 'and', 'seahunt', 'with', 'gunsmoke', 'were', 'my', 'heros', 'every', 'weekyou', 'have', 'my', 'vote', 'for', 'a', 'comeback', 'of', 'a', 'new', 'sea', 'huntwe', 'need', 'a', 'change', 'of', 'pace', 'in', 'tv', 'and', 'this', 'would', 'work', 'for', 'a', 'world', 'of', 'under', 'water', 'adventureoh', 'by', 'the', 'way', 'thank', 'you', 'for', 'an', 'outlet', 'like', 'this', 'to', 'view', 'many', 'viewpoints', 'about', 'tv', 'and', 'the', 'many', 'moviesso', 'any', 'ole', 'way', 'i', 'believe', 'ive', 'got', 'what', 'i', 'wanna', 'saywould', 'be', 'nice', 'to', 'read', 'some', 'more', 'plus', 'points', 'about', 'sea', 'huntif', 'my', 'rhymes', 'would', 'be', '10', 'lines', 'would', 'you', 'let', 'me', 'submitor', 'leave', 'me', 'out', 'to', 'be', 'in', 'doubt', 'and', 'have', 'me', 'to', 'quitif', 'this', 'is', 'so', 'then', 'i', 'must', 'go', 'so', 'lets', 'do', 'it']","['O', 'O', 'O', 'O', 'O', 'O', 'O', 'O', 'O', 'O', 'O', 'O', 'O', 'O', 'O', 'O', 'O', 'O', 'O', 'B-DATE', 'O', 'O', 'O', 'O', 'O', 'O', 'O', 'O', 'B-ORG', 'O', 'O', 'O', 'O', 'O', 'O', 'O', 'O', 'O', 'O', 'O', 'O', 'O', 'O', 'O', 'O', 'O', 'O', 'O', 'O', 'O', 'O', 'O', 'O', 'O', 'O', 'O', 'O', 'O', 'O', 'O', 'O', 'O', 'O', 'O', 'O', 'O', 'O', 'O', 'O', 'O', 'O', 'O', 'O', 'O', 'O', 'O', 'O', 'O', 'O', 'O', 'O', 'O', 'O', 'O', 'O', 'O', 'O', 'O', 'O', 'O', 'O', 'O', 'O', 'B-PERSON', 'O', 'O', 'O', 'O', 'O', 'O', 'O', 'O', 'O', 'O', 'O', 'O', 'O', 'O', 'O', 'O', 'O', 'O', 'O', 'O', 'O', 'O', 'O', 'O', 'O', 'O', 'B-CARDINAL', 'O', 'O', 'O', 'O', 'O', 'O', 'O', 'O', 'O', 'O', 'O', 'O', 'O', 'O', 'O', 'O', 'O', 'O', 'O', 'O', 'O', 'O', 'O', 'O', 'O', 'O', 'O', 'O', 'O']"
"['this', 'show', 'was', 'an', 'amazing', 'fresh', 'innovative', 'idea', 'in', 'the', '70s', 'when', 'it', 'first', 'aired', 'the', 'first', '7', 'or', '8', 'years', 'were', 'brilliant', 'but', 'things', 'dropped', 'off', 'after', 'that', 'by', '1990', 'the', 'show', 'was', 'not', 'really', 'funny', 'anymore', 'and', 'its', 'continued', 'its', 'decline', 'further', 'to', 'the', 'complete', 'waste', 'of', 'time', 'it', 'is', 'todaybr', 'br', 'its', 'truly', 'disgraceful', 'how', 'far', 'this', 'show', 'has', 'fallen', 'the', 'writing', 'is', 'painfully', 'bad', 'the', 'performances', 'are', 'almost', 'as', 'bad', 'if', 'not', 'for', 'the', 'mildly', 'entertaining', 'respite', 'of', 'the', 'guesthosts', 'this', 'show', 'probably', 'wouldnt', 'still', 'be', 'on', 'the', 'air', 'i', 'find', 'it', 'so', 'hard', 'to', 'believe', 'that', 'the', 'same', 'creator', 'that', 'handselected', 'the', 'original', 'cast', 'also', 'chose', 'the', 'band', 'of', 'hacks', 'that', 'followed', 'how', 'can', 'one', 'recognize', 'such', 'brilliance', 'and', 'then', 'see', 'fit', 'to', 'replace', 'it', 'with', 'such', 'mediocrity', 'i', 'felt', 'i', 'must', 'give', '2', 'stars', 'out', 'of', 'respect', 'for', 'the', 'original', 'cast', 'that', 'made', 'this', 'show', 'such', 'a', 'huge', 'success', 'as', 'it', 'is', 'now', 'the', 'show', 'is', 'just', 'awful', 'i', 'cant', 'believe', 'its', 'still', 'on', 'the', 'air']","['O', 'O', 'O', 'O', 'O', 'O', 'O', 'O', 'O', 'B-DATE', 'I-DATE', 'O', 'O', 'B-ORDINAL', 'O', 'O', 'B-ORDINAL', 'B-DATE', 'I-DATE', 'I-DATE', 'I-DATE', 'O', 'O', 'O', 'O', 'O', 'O', 'O', 'O', 'O', 'B-DATE', 'O', 'O', 'O', 'O', 'O', 'O', 'O', 'O', 'O', 'O', 'O', 'O', 'O', 'O', 'O', 'O', 'O', 'O', 'O', 'O', 'O', 'O', 'O', 'O', 'O', 'O', 'O', 'O', 'O', 'O', 'O', 'O', 'O', 'O', 'O', 'O', 'O', 'O', 'O', 'O', 'O', 'O', 'O', 'O', 'O', 'O', 'O', 'O', 'O', 'O', 'O', 'O', 'O', 'O', 'O', 'O', 'O', 'O', 'O', 'O', 'O', 'O', 'O', 'O', 'O', 'O', 'O', 'O', 'O', 'O', 'O', 'O', 'O', 'O', 'O', 'O', 'O', 'O', 'O', 'O', 'O', 'O', 'O', 'O', 'O', 'O', 'O', 'O', 'O', 'O', 'O', 'O', 'O', 'O', 'O', 'O', 'O', 'O', 'O', 'O', 'O', 'O', 'O', 'O', 'O', 'O', 'O', 'B-CARDINAL', 'O', 'O', 'O', 'O', 'O', 'O', 'O', 'O', 'O', 'O', 'O', 'O', 'O', 'O', 'O', 'O', 'O', 'O', 'O', 'O', 'O', 'O', 'O', 'O', 'O', 'O', 'O', 'O', 'O', 'O', 'O', 'O', 'O']"
"['encouraged', 'by', 'the', 'positive', 'comments', 'about', 'this', 'film', 'on', 'here', 'i', 'was', 'looking', 'forward', 'to', 'watching', 'this', 'film', 'bad', 'mistake', 'ive', 'seen', '950', 'films', 'and', 'this', 'is', 'truly', 'one', 'of', 'the', 'worst', 'of', 'them', 'its', 'awful', 'in', 'almost', 'every', 'way', 'editing', 'pacing', 'storyline', 'acting', 'soundtrack', 'the', 'films', 'only', 'song', 'a', 'lame', 'country', 'tune', 'is', 'played', 'no', 'less', 'than', 'four', 'times', 'the', 'film', 'looks', 'cheap', 'and', 'nasty', 'and', 'is', 'boring', 'in', 'the', 'extreme', 'rarely', 'have', 'i', 'been', 'so', 'happy', 'to', 'see', 'the', 'end', 'credits', 'of', 'a', 'film', 'br', 'br', 'the', 'only', 'thing', 'that', 'prevents', 'me', 'giving', 'this', 'a', '1score', 'is', 'harvey', 'keitel', 'while', 'this', 'is', 'far', 'from', 'his', 'best', 'performance', 'he', 'at', 'least', 'seems', 'to', 'be', 'making', 'a', 'bit', 'of', 'an', 'effort', 'one', 'for', 'keitel', 'obsessives', 'only']","['O', 'O', 'O', 'O', 'O', 'O', 'O', 'O', 'O', 'O', 'O', 'O', 'O', 'O', 'O', 'O', 'O', 'O', 'O', 'O', 'O', 'O', 'B-CARDINAL', 'O', 'O', 'O', 'O', 'O', 'B-CARDINAL', 'O', 'O', 'O', 'O', 'O', 'O', 'O', 'O', 'O', 'O', 'O', 'O', 'O', 'O', 'O', 'O', 'O', 'O', 'O', 'O', 'O', 'O', 'O', 'O', 'O', 'O', 'B-CARDINAL', 'I-CARDINAL', 'I-CARDINAL', 'I-CARDINAL', 'O', 'O', 'O', 'O', 'O', 'O', 'O', 'O', 'O', 'O', 'O', 'O', 'O', 'O', 'O', 'O', 'O', 'O', 'O', 'O', 'O', 'O', 'O', 'O', 'O', 'O', 'O', 'O', 'O', 'O', 'O', 'O', 'O', 'O', 'O', 'O', 'O', 'O', 'O', 'O', 'B-PERSON', 'I-PERSON', 'O', 'O', 'O', 'O', 'O', 'O', 'O', 'O', 'O', 'O', 'O', 'O', 'O', 'O', 'O', 'O', 'O', 'O', 'O', 'O', 'B-CARDINAL', 'O', 'O', 'O', 'O']"
"['if', 'you', 'like', 'original', 'gut', 'wrenching', 'laughter', 'you', 'will', 'like', 'this', 'movie', 'if', 'you', 'are', 'young', 'or', 'old', 'then', 'you', 'will', 'love', 'this', 'movie', 'hell', 'even', 'my', 'mom', 'liked', 'itbr', 'br', 'great', 'camp']","['O', 'O', 'O', 'O', 'O', 'O', 'O', 'O', 'O', 'O', 'O', 'O', 'O', 'O', 'O', 'O', 'O', 'O', 'O', 'O', 'O', 'O', 'O', 'O', 'O', 'O', 'O', 'O', 'O', 'O', 'O', 'O', 'O']"
